case,event
372,A
372,C
372,F
372,I
372,H
372,J
372,L
659,A
659,B
659,D
659,B
659,D
659,B
659,D
659,B
659,D
659,B
659,E
659,P
659,M
659,N
659,O
659,Q
659,L
632,A
632,C
632,G
632,L
952,A
952,B
952,D
952,B
952,E
952,P
952,M
952,N
952,O
952,Q
952,L
187,A
187,C
187,F
187,I
187,H
187,J
187,L
554,A
554,C
554,F
554,I
554,H
554,J
554,L
923,A
923,B
923,E
923,M
923,P
923,N
923,O
923,Q
923,L
646,A
646,B
646,E
646,P
646,M
646,N
646,O
646,Q
646,L
743,A
743,B
743,D
743,B
743,D
743,B
743,D
743,B
743,E
743,M
743,P
743,N
743,O
743,Q
743,L
230,A
230,B
230,E
230,M
230,P
230,N
230,O
230,Q
230,L
540,A
540,B
540,E
540,P
540,M
540,N
540,O
540,Q
540,L
19,A
19,C
19,F
19,H
19,I
19,J
19,L
652,A
652,C
652,G
652,L
381,A
381,B
381,E
381,M
381,P
381,N
381,O
381,Q
381,L
184,A
184,B
184,E
184,P
184,M
184,N
184,O
184,Q
184,L
255,A
255,C
255,F
255,H
255,I
255,J
255,L
75,A
75,C
75,G
75,K
75,L
172,A
172,B
172,D
172,B
172,D
172,B
172,E
172,M
172,P
172,N
172,O
172,Q
172,L
762,A
762,B
762,E
762,M
762,P
762,N
762,O
762,Q
762,L
167,A
167,C
167,F
167,I
167,H
167,J
167,L
106,A
106,C
106,F
106,H
106,I
106,J
106,L
5,A
5,B
5,D
5,B
5,D
5,B
5,D
5,B
5,D
5,B
5,E
5,M
5,P
5,N
5,O
5,Q
5,L
354,A
354,C
354,G
354,K
354,L
385,A
385,B
385,D
385,B
385,D
385,B
385,D
385,B
385,E
385,M
385,P
385,N
385,O
385,Q
385,L
356,A
356,B
356,D
356,B
356,D
356,B
356,D
356,B
356,E
356,M
356,P
356,N
356,O
356,Q
356,L
866,A
866,B
866,D
866,B
866,E
866,M
866,P
866,N
866,O
866,Q
866,L
928,A
928,B
928,D
928,B
928,E
928,M
928,P
928,N
928,O
928,Q
928,L
594,A
594,B
594,E
594,P
594,M
594,N
594,O
594,Q
594,L
661,A
661,C
661,F
661,I
661,H
661,J
661,L
136,A
136,C
136,F
136,H
136,I
136,J
136,L
815,A
815,B
815,E
815,M
815,P
815,N
815,O
815,Q
815,L
695,A
695,B
695,E
695,M
695,P
695,N
695,O
695,Q
695,L
69,A
69,C
69,G
69,K
69,L
798,A
798,B
798,E
798,M
798,P
798,N
798,O
798,Q
798,L
312,A
312,B
312,E
312,M
312,P
312,N
312,O
312,Q
312,L
301,A
301,C
301,F
301,H
301,I
301,J
301,L
292,A
292,C
292,F
292,I
292,H
292,J
292,L
349,A
349,C
349,F
349,I
349,H
349,J
349,L
393,A
393,C
393,F
393,I
393,H
393,J
393,L
715,A
715,B
715,E
715,M
715,P
715,N
715,O
715,Q
715,L
283,A
283,B
283,E
283,P
283,M
283,N
283,O
283,Q
283,L
738,A
738,C
738,G
738,L
465,A
465,C
465,F
465,I
465,H
465,J
465,L
609,A
609,C
609,F
609,H
609,I
609,J
609,L
635,A
635,B
635,D
635,B
635,E
635,M
635,P
635,N
635,O
635,Q
635,L
500,A
500,B
500,D
500,B
500,D
500,B
500,D
500,B
500,E
500,P
500,M
500,N
500,O
500,Q
500,L
91,A
91,B
91,D
91,B
91,D
91,B
91,E
91,M
91,P
91,N
91,O
91,Q
91,L
268,A
268,B
268,E
268,M
268,P
268,N
268,O
268,Q
268,L
218,A
218,B
218,D
218,B
218,E
218,P
218,M
218,N
218,O
218,Q
218,L
168,A
168,C
168,G
168,K
168,L
878,A
878,C
878,F
878,I
878,H
878,J
878,L
667,A
667,B
667,D
667,B
667,E
667,P
667,M
667,N
667,O
667,Q
667,L
608,A
608,C
608,G
608,K
608,L
979,A
979,B
979,D
979,B
979,E
979,P
979,M
979,N
979,O
979,Q
979,L
327,A
327,B
327,D
327,B
327,E
327,P
327,M
327,N
327,O
327,Q
327,L
498,A
498,B
498,E
498,M
498,P
498,N
498,O
498,Q
498,L
658,A
658,B
658,E
658,P
658,M
658,N
658,O
658,Q
658,L
717,A
717,C
717,G
717,L
849,A
849,C
849,F
849,I
849,H
849,J
849,L
135,A
135,B
135,D
135,B
135,E
135,P
135,M
135,N
135,O
135,Q
135,L
330,A
330,C
330,G
330,L
852,A
852,B
852,D
852,B
852,E
852,M
852,P
852,N
852,O
852,Q
852,L
397,A
397,C
397,G
397,L
804,A
804,B
804,E
804,P
804,M
804,N
804,O
804,Q
804,L
611,A
611,C
611,G
611,L
391,A
391,C
391,G
391,L
101,A
101,B
101,D
101,B
101,D
101,B
101,D
101,B
101,D
101,B
101,E
101,M
101,P
101,N
101,O
101,Q
101,L
446,A
446,B
446,D
446,B
446,D
446,B
446,E
446,P
446,M
446,N
446,O
446,Q
446,L
555,A
555,C
555,G
555,L
169,A
169,C
169,F
169,H
169,I
169,J
169,L
697,A
697,C
697,F
697,H
697,I
697,J
697,L
619,A
619,B
619,E
619,P
619,M
619,N
619,O
619,Q
619,L
596,A
596,C
596,F
596,H
596,I
596,J
596,L
364,A
364,C
364,F
364,I
364,H
364,J
364,L
78,A
78,B
78,E
78,P
78,M
78,N
78,O
78,Q
78,L
786,A
786,B
786,D
786,B
786,E
786,P
786,M
786,N
786,O
786,Q
786,L
791,A
791,C
791,F
791,I
791,H
791,J
791,L
999,A
999,C
999,G
999,L
284,A
284,B
284,D
284,B
284,D
284,B
284,D
284,B
284,E
284,P
284,M
284,N
284,O
284,Q
284,L
204,A
204,C
204,F
204,I
204,H
204,J
204,L
932,A
932,C
932,F
932,H
932,I
932,J
932,L
111,A
111,B
111,E
111,P
111,M
111,N
111,O
111,Q
111,L
739,A
739,B
739,E
739,P
739,M
739,N
739,O
739,Q
739,L
626,A
626,B
626,E
626,M
626,P
626,N
626,O
626,Q
626,L
753,A
753,B
753,D
753,B
753,D
753,B
753,D
753,B
753,E
753,P
753,M
753,N
753,O
753,Q
753,L
892,A
892,C
892,G
892,L
921,A
921,B
921,D
921,B
921,E
921,M
921,P
921,N
921,O
921,Q
921,L
53,A
53,B
53,E
53,P
53,M
53,N
53,O
53,Q
53,L
243,A
243,C
243,G
243,L
751,A
751,C
751,G
751,L
973,A
973,B
973,E
973,P
973,M
973,N
973,O
973,Q
973,L
121,A
121,C
121,F
121,I
121,H
121,J
121,L
409,A
409,C
409,G
409,L
510,A
510,B
510,D
510,B
510,E
510,P
510,M
510,N
510,O
510,Q
510,L
602,A
602,C
602,F
602,H
602,I
602,J
602,L
578,A
578,B
578,D
578,B
578,D
578,B
578,E
578,M
578,P
578,N
578,O
578,Q
578,L
32,A
32,B
32,E
32,P
32,M
32,N
32,O
32,Q
32,L
57,A
57,C
57,G
57,L
252,A
252,B
252,E
252,M
252,P
252,N
252,O
252,Q
252,L
131,A
131,C
131,G
131,L
242,A
242,C
242,G
242,L
621,A
621,B
621,E
621,P
621,M
621,N
621,O
621,Q
621,L
728,A
728,C
728,F
728,H
728,I
728,J
728,L
253,A
253,C
253,F
253,I
253,H
253,J
253,L
392,A
392,C
392,F
392,I
392,H
392,J
392,L
683,A
683,C
683,F
683,H
683,I
683,J
683,L
702,A
702,C
702,F
702,I
702,H
702,J
702,L
800,A
800,C
800,F
800,I
800,H
800,J
800,L
162,A
162,B
162,E
162,P
162,M
162,N
162,O
162,Q
162,L
584,A
584,B
584,E
584,P
584,M
584,N
584,O
584,Q
584,L
484,A
484,B
484,D
484,B
484,D
484,B
484,D
484,B
484,D
484,B
484,E
484,M
484,P
484,N
484,O
484,Q
484,L
159,A
159,B
159,E
159,P
159,M
159,N
159,O
159,Q
159,L
545,A
545,C
545,G
545,K
545,L
654,A
654,B
654,E
654,M
654,P
654,N
654,O
654,Q
654,L
692,A
692,C
692,F
692,I
692,H
692,J
692,L
116,A
116,B
116,E
116,M
116,P
116,N
116,O
116,Q
116,L
653,A
653,C
653,G
653,L
995,A
995,B
995,E
995,P
995,M
995,N
995,O
995,Q
995,L
816,A
816,B
816,E
816,M
816,P
816,N
816,O
816,Q
816,L
68,A
68,B
68,E
68,M
68,P
68,N
68,O
68,Q
68,L
117,A
117,B
117,E
117,M
117,P
117,N
117,O
117,Q
117,L
315,A
315,C
315,G
315,K
315,L
896,A
896,C
896,F
896,I
896,H
896,J
896,L
171,A
171,C
171,F
171,H
171,I
171,J
171,L
445,A
445,B
445,E
445,P
445,M
445,N
445,O
445,Q
445,L
696,A
696,C
696,G
696,K
696,L
837,A
837,C
837,G
837,L
164,A
164,C
164,G
164,K
164,L
971,A
971,B
971,E
971,P
971,M
971,N
971,O
971,Q
971,L
809,A
809,B
809,D
809,B
809,E
809,P
809,M
809,N
809,O
809,Q
809,L
258,A
258,B
258,E
258,M
258,P
258,N
258,O
258,Q
258,L
211,A
211,B
211,E
211,P
211,M
211,N
211,O
211,Q
211,L
875,A
875,B
875,D
875,B
875,D
875,B
875,E
875,P
875,M
875,N
875,O
875,Q
875,L
335,A
335,B
335,D
335,B
335,E
335,P
335,M
335,N
335,O
335,Q
335,L
359,A
359,C
359,F
359,I
359,H
359,J
359,L
680,A
680,B
680,E
680,M
680,P
680,N
680,O
680,Q
680,L
147,A
147,C
147,F
147,I
147,H
147,J
147,L
741,A
741,B
741,E
741,P
741,M
741,N
741,O
741,Q
741,L
290,A
290,B
290,E
290,P
290,M
290,N
290,O
290,Q
290,L
201,A
201,B
201,D
201,B
201,E
201,P
201,M
201,N
201,O
201,Q
201,L
477,A
477,B
477,E
477,M
477,P
477,N
477,O
477,Q
477,L
170,A
170,B
170,E
170,M
170,P
170,N
170,O
170,Q
170,L
49,A
49,B
49,D
49,B
49,E
49,M
49,P
49,N
49,O
49,Q
49,L
358,A
358,B
358,D
358,B
358,D
358,B
358,D
358,B
358,D
358,B
358,E
358,M
358,P
358,N
358,O
358,Q
358,L
420,A
420,B
420,D
420,B
420,D
420,B
420,D
420,B
420,E
420,M
420,P
420,N
420,O
420,Q
420,L
435,A
435,C
435,G
435,K
435,L
690,A
690,B
690,E
690,P
690,M
690,N
690,O
690,Q
690,L
188,A
188,C
188,F
188,I
188,H
188,J
188,L
648,A
648,C
648,G
648,K
648,L
758,A
758,B
758,E
758,P
758,M
758,N
758,O
758,Q
758,L
438,A
438,C
438,F
438,I
438,H
438,J
438,L
625,A
625,B
625,D
625,B
625,E
625,M
625,P
625,N
625,O
625,Q
625,L
725,A
725,B
725,D
725,B
725,D
725,B
725,D
725,B
725,D
725,B
725,E
725,M
725,P
725,N
725,O
725,Q
725,L
8,A
8,B
8,E
8,M
8,P
8,N
8,O
8,Q
8,L
94,A
94,B
94,E
94,P
94,M
94,N
94,O
94,Q
94,L
415,A
415,B
415,D
415,B
415,E
415,M
415,P
415,N
415,O
415,Q
415,L
579,A
579,B
579,D
579,B
579,E
579,M
579,P
579,N
579,O
579,Q
579,L
685,A
685,B
685,E
685,P
685,M
685,N
685,O
685,Q
685,L
841,A
841,B
841,E
841,P
841,M
841,N
841,O
841,Q
841,L
16,A
16,B
16,D
16,B
16,E
16,P
16,M
16,N
16,O
16,Q
16,L
826,A
826,C
826,G
826,L
855,A
855,C
855,F
855,I
855,H
855,J
855,L
380,A
380,C
380,F
380,H
380,I
380,J
380,L
941,A
941,C
941,G
941,L
994,A
994,B
994,D
994,B
994,D
994,B
994,E
994,M
994,P
994,N
994,O
994,Q
994,L
115,A
115,B
115,D
115,B
115,E
115,M
115,P
115,N
115,O
115,Q
115,L
129,A
129,B
129,E
129,M
129,P
129,N
129,O
129,Q
129,L
378,A
378,B
378,E
378,M
378,P
378,N
378,O
378,Q
378,L
132,A
132,B
132,E
132,P
132,M
132,N
132,O
132,Q
132,L
655,A
655,B
655,E
655,P
655,M
655,N
655,O
655,Q
655,L
835,A
835,C
835,G
835,K
835,L
394,A
394,B
394,D
394,B
394,E
394,P
394,M
394,N
394,O
394,Q
394,L
996,A
996,B
996,D
996,B
996,D
996,B
996,E
996,P
996,M
996,N
996,O
996,Q
996,L
536,A
536,B
536,E
536,M
536,P
536,N
536,O
536,Q
536,L
249,A
249,B
249,D
249,B
249,E
249,M
249,P
249,N
249,O
249,Q
249,L
338,A
338,B
338,E
338,P
338,M
338,N
338,O
338,Q
338,L
209,A
209,B
209,E
209,M
209,P
209,N
209,O
209,Q
209,L
87,A
87,B
87,D
87,B
87,D
87,B
87,E
87,M
87,P
87,N
87,O
87,Q
87,L
450,A
450,C
450,F
450,I
450,H
450,J
450,L
832,A
832,B
832,D
832,B
832,D
832,B
832,D
832,B
832,E
832,P
832,M
832,N
832,O
832,Q
832,L
612,A
612,B
612,E
612,M
612,P
612,N
612,O
612,Q
612,L
857,A
857,B
857,E
857,P
857,M
857,N
857,O
857,Q
857,L
763,A
763,B
763,D
763,B
763,D
763,B
763,D
763,B
763,E
763,M
763,P
763,N
763,O
763,Q
763,L
506,A
506,B
506,D
506,B
506,E
506,P
506,M
506,N
506,O
506,Q
506,L
406,A
406,B
406,E
406,M
406,P
406,N
406,O
406,Q
406,L
887,A
887,B
887,D
887,B
887,D
887,B
887,D
887,B
887,D
887,B
887,E
887,P
887,M
887,N
887,O
887,Q
887,L
862,A
862,C
862,G
862,L
911,A
911,B
911,E
911,M
911,P
911,N
911,O
911,Q
911,L
72,A
72,B
72,D
72,B
72,D
72,B
72,E
72,M
72,P
72,N
72,O
72,Q
72,L
7,A
7,B
7,D
7,B
7,D
7,B
7,D
7,B
7,E
7,M
7,P
7,N
7,O
7,Q
7,L
299,A
299,B
299,E
299,M
299,P
299,N
299,O
299,Q
299,L
713,A
713,B
713,D
713,B
713,E
713,M
713,P
713,N
713,O
713,Q
713,L
228,A
228,C
228,F
228,I
228,H
228,J
228,L
933,A
933,C
933,G
933,K
933,L
45,A
45,B
45,E
45,M
45,P
45,N
45,O
45,Q
45,L
195,A
195,B
195,D
195,B
195,D
195,B
195,D
195,B
195,D
195,B
195,E
195,M
195,P
195,N
195,O
195,Q
195,L
480,A
480,C
480,G
480,L
257,A
257,B
257,E
257,M
257,P
257,N
257,O
257,Q
257,L
58,A
58,C
58,G
58,K
58,L
493,A
493,C
493,F
493,I
493,H
493,J
493,L
355,A
355,C
355,F
355,H
355,I
355,J
355,L
776,A
776,C
776,F
776,H
776,I
776,J
776,L
907,A
907,B
907,D
907,B
907,D
907,B
907,D
907,B
907,D
907,B
907,E
907,M
907,P
907,N
907,O
907,Q
907,L
839,A
839,B
839,D
839,B
839,E
839,M
839,P
839,N
839,O
839,Q
839,L
196,A
196,B
196,E
196,M
196,P
196,N
196,O
196,Q
196,L
219,A
219,B
219,E
219,M
219,P
219,N
219,O
219,Q
219,L
605,A
605,B
605,D
605,B
605,D
605,B
605,E
605,M
605,P
605,N
605,O
605,Q
605,L
206,A
206,C
206,G
206,L
565,A
565,B
565,E
565,P
565,M
565,N
565,O
565,Q
565,L
716,A
716,B
716,D
716,B
716,D
716,B
716,E
716,M
716,P
716,N
716,O
716,Q
716,L
396,A
396,C
396,F
396,I
396,H
396,J
396,L
24,A
24,B
24,D
24,B
24,D
24,B
24,D
24,B
24,D
24,B
24,E
24,P
24,M
24,N
24,O
24,Q
24,L
724,A
724,C
724,F
724,H
724,I
724,J
724,L
81,A
81,C
81,G
81,L
961,A
961,B
961,E
961,P
961,M
961,N
961,O
961,Q
961,L
942,A
942,C
942,F
942,I
942,H
942,J
942,L
399,A
399,C
399,F
399,I
399,H
399,J
399,L
719,A
719,C
719,F
719,I
719,H
719,J
719,L
291,A
291,B
291,D
291,B
291,E
291,M
291,P
291,N
291,O
291,Q
291,L
734,A
734,B
734,E
734,P
734,M
734,N
734,O
734,Q
734,L
785,A
785,C
785,G
785,K
785,L
643,A
643,B
643,E
643,M
643,P
643,N
643,O
643,Q
643,L
886,A
886,B
886,D
886,B
886,D
886,B
886,D
886,B
886,E
886,P
886,M
886,N
886,O
886,Q
886,L
803,A
803,C
803,G
803,L
482,A
482,B
482,D
482,B
482,E
482,P
482,M
482,N
482,O
482,Q
482,L
641,A
641,C
641,F
641,I
641,H
641,J
641,L
889,A
889,B
889,E
889,M
889,P
889,N
889,O
889,Q
889,L
98,A
98,C
98,F
98,H
98,I
98,J
98,L
247,A
247,B
247,E
247,M
247,P
247,N
247,O
247,Q
247,L
466,A
466,B
466,E
466,M
466,P
466,N
466,O
466,Q
466,L
821,A
821,C
821,G
821,K
821,L
519,A
519,B
519,D
519,B
519,D
519,B
519,D
519,B
519,D
519,B
519,E
519,M
519,P
519,N
519,O
519,Q
519,L
51,A
51,C
51,G
51,L
138,A
138,B
138,D
138,B
138,D
138,B
138,E
138,M
138,P
138,N
138,O
138,Q
138,L
721,A
721,B
721,D
721,B
721,D
721,B
721,D
721,B
721,E
721,M
721,P
721,N
721,O
721,Q
721,L
557,A
557,C
557,F
557,I
557,H
557,J
557,L
622,A
622,C
622,G
622,K
622,L
497,A
497,B
497,D
497,B
497,E
497,M
497,P
497,N
497,O
497,Q
497,L
85,A
85,B
85,D
85,B
85,D
85,B
85,D
85,B
85,E
85,P
85,M
85,N
85,O
85,Q
85,L
366,A
366,B
366,D
366,B
366,E
366,P
366,M
366,N
366,O
366,Q
366,L
198,A
198,B
198,D
198,B
198,E
198,M
198,P
198,N
198,O
198,Q
198,L
344,A
344,B
344,E
344,P
344,M
344,N
344,O
344,Q
344,L
244,A
244,C
244,F
244,H
244,I
244,J
244,L
616,A
616,C
616,G
616,L
968,A
968,B
968,E
968,P
968,M
968,N
968,O
968,Q
968,L
631,A
631,C
631,G
631,K
631,L
515,A
515,B
515,E
515,P
515,M
515,N
515,O
515,Q
515,L
628,A
628,C
628,G
628,L
373,A
373,B
373,E
373,M
373,P
373,N
373,O
373,Q
373,L
836,A
836,C
836,G
836,K
836,L
733,A
733,B
733,E
733,M
733,P
733,N
733,O
733,Q
733,L
105,A
105,C
105,F
105,I
105,H
105,J
105,L
598,A
598,B
598,E
598,M
598,P
598,N
598,O
598,Q
598,L
347,A
347,B
347,D
347,B
347,D
347,B
347,D
347,B
347,E
347,M
347,P
347,N
347,O
347,Q
347,L
452,A
452,B
452,D
452,B
452,E
452,M
452,P
452,N
452,O
452,Q
452,L
183,A
183,C
183,G
183,L
232,A
232,B
232,E
232,P
232,M
232,N
232,O
232,Q
232,L
31,A
31,C
31,G
31,L
39,A
39,B
39,E
39,P
39,M
39,N
39,O
39,Q
39,L
846,A
846,C
846,G
846,K
846,L
416,A
416,B
416,D
416,B
416,D
416,B
416,E
416,M
416,P
416,N
416,O
416,Q
416,L
946,A
946,C
946,G
946,K
946,L
694,A
694,B
694,D
694,B
694,D
694,B
694,D
694,B
694,E
694,M
694,P
694,N
694,O
694,Q
694,L
389,A
389,B
389,D
389,B
389,D
389,B
389,E
389,M
389,P
389,N
389,O
389,Q
389,L
670,A
670,C
670,G
670,K
670,L
593,A
593,B
593,E
593,P
593,M
593,N
593,O
593,Q
593,L
657,A
657,B
657,D
657,B
657,D
657,B
657,D
657,B
657,E
657,M
657,P
657,N
657,O
657,Q
657,L
383,A
383,B
383,D
383,B
383,E
383,M
383,P
383,N
383,O
383,Q
383,L
521,A
521,B
521,E
521,P
521,M
521,N
521,O
521,Q
521,L
956,A
956,B
956,D
956,B
956,D
956,B
956,E
956,P
956,M
956,N
956,O
956,Q
956,L
64,A
64,B
64,D
64,B
64,D
64,B
64,E
64,P
64,M
64,N
64,O
64,Q
64,L
120,A
120,C
120,F
120,H
120,I
120,J
120,L
388,A
388,C
388,G
388,L
83,A
83,B
83,D
83,B
83,D
83,B
83,E
83,P
83,M
83,N
83,O
83,Q
83,L
599,A
599,C
599,F
599,I
599,H
599,J
599,L
895,A
895,B
895,E
895,P
895,M
895,N
895,O
895,Q
895,L
189,A
189,C
189,G
189,K
189,L
275,A
275,C
275,F
275,I
275,H
275,J
275,L
919,A
919,B
919,E
919,M
919,P
919,N
919,O
919,Q
919,L
572,A
572,C
572,F
572,I
572,H
572,J
572,L
969,A
969,B
969,E
969,P
969,M
969,N
969,O
969,Q
969,L
126,A
126,B
126,D
126,B
126,E
126,P
126,M
126,N
126,O
126,Q
126,L
408,A
408,B
408,D
408,B
408,D
408,B
408,D
408,B
408,D
408,B
408,E
408,M
408,P
408,N
408,O
408,Q
408,L
808,A
808,B
808,D
808,B
808,D
808,B
808,D
808,B
808,E
808,P
808,M
808,N
808,O
808,Q
808,L
838,A
838,B
838,D
838,B
838,E
838,M
838,P
838,N
838,O
838,Q
838,L
474,A
474,C
474,F
474,H
474,I
474,J
474,L
851,A
851,C
851,G
851,L
229,A
229,B
229,E
229,P
229,M
229,N
229,O
229,Q
229,L
471,A
471,B
471,D
471,B
471,E
471,P
471,M
471,N
471,O
471,Q
471,L
827,A
827,B
827,D
827,B
827,E
827,M
827,P
827,N
827,O
827,Q
827,L
2,A
2,C
2,F
2,H
2,I
2,J
2,L
15,A
15,C
15,F
15,I
15,H
15,J
15,L
151,A
151,C
151,G
151,K
151,L
231,A
231,B
231,D
231,B
231,E
231,M
231,P
231,N
231,O
231,Q
231,L
143,A
143,B
143,D
143,B
143,E
143,M
143,P
143,N
143,O
143,Q
143,L
853,A
853,C
853,F
853,H
853,I
853,J
853,L
546,A
546,B
546,E
546,M
546,P
546,N
546,O
546,Q
546,L
682,A
682,C
682,G
682,K
682,L
439,A
439,B
439,D
439,B
439,D
439,B
439,E
439,M
439,P
439,N
439,O
439,Q
439,L
864,A
864,B
864,E
864,M
864,P
864,N
864,O
864,Q
864,L
491,A
491,B
491,E
491,M
491,P
491,N
491,O
491,Q
491,L
161,A
161,C
161,G
161,L
419,A
419,C
419,F
419,I
419,H
419,J
419,L
603,A
603,C
603,F
603,I
603,H
603,J
603,L
398,A
398,C
398,G
398,K
398,L
310,A
310,B
310,D
310,B
310,D
310,B
310,D
310,B
310,E
310,P
310,M
310,N
310,O
310,Q
310,L
361,A
361,B
361,D
361,B
361,D
361,B
361,E
361,M
361,P
361,N
361,O
361,Q
361,L
985,A
985,C
985,G
985,K
985,L
34,A
34,B
34,D
34,B
34,D
34,B
34,D
34,B
34,D
34,B
34,E
34,M
34,P
34,N
34,O
34,Q
34,L
59,A
59,C
59,G
59,K
59,L
178,A
178,B
178,E
178,M
178,P
178,N
178,O
178,Q
178,L
675,A
675,C
675,G
675,L
927,A
927,B
927,E
927,M
927,P
927,N
927,O
927,Q
927,L
322,A
322,C
322,G
322,K
322,L
607,A
607,B
607,E
607,M
607,P
607,N
607,O
607,Q
607,L
760,A
760,B
760,D
760,B
760,D
760,B
760,D
760,B
760,D
760,B
760,E
760,P
760,M
760,N
760,O
760,Q
760,L
38,A
38,B
38,D
38,B
38,D
38,B
38,D
38,B
38,E
38,P
38,M
38,N
38,O
38,Q
38,L
175,A
175,C
175,F
175,I
175,H
175,J
175,L
496,A
496,C
496,G
496,L
813,A
813,C
813,F
813,I
813,H
813,J
813,L
998,A
998,C
998,F
998,H
998,I
998,J
998,L
426,A
426,B
426,E
426,P
426,M
426,N
426,O
426,Q
426,L
437,A
437,B
437,D
437,B
437,D
437,B
437,E
437,P
437,M
437,N
437,O
437,Q
437,L
133,A
133,B
133,E
133,M
133,P
133,N
133,O
133,Q
133,L
197,A
197,C
197,F
197,H
197,I
197,J
197,L
779,A
779,C
779,F
779,I
779,H
779,J
779,L
82,A
82,B
82,E
82,M
82,P
82,N
82,O
82,Q
82,L
400,A
400,B
400,E
400,M
400,P
400,N
400,O
400,Q
400,L
825,A
825,B
825,E
825,M
825,P
825,N
825,O
825,Q
825,L
766,A
766,C
766,G
766,L
774,A
774,B
774,E
774,M
774,P
774,N
774,O
774,Q
774,L
93,A
93,B
93,E
93,M
93,P
93,N
93,O
93,Q
93,L
281,A
281,B
281,D
281,B
281,E
281,P
281,M
281,N
281,O
281,Q
281,L
264,A
264,C
264,G
264,K
264,L
894,A
894,B
894,E
894,P
894,M
894,N
894,O
894,Q
894,L
850,A
850,C
850,F
850,I
850,H
850,J
850,L
663,A
663,C
663,G
663,L
182,A
182,B
182,D
182,B
182,D
182,B
182,E
182,P
182,M
182,N
182,O
182,Q
182,L
666,A
666,C
666,F
666,I
666,H
666,J
666,L
35,A
35,C
35,F
35,I
35,H
35,J
35,L
475,A
475,C
475,F
475,I
475,H
475,J
475,L
797,A
797,C
797,G
797,K
797,L
656,A
656,C
656,F
656,H
656,I
656,J
656,L
537,A
537,C
537,F
537,I
537,H
537,J
537,L
830,A
830,C
830,F
830,H
830,I
830,J
830,L
103,A
103,B
103,D
103,B
103,E
103,P
103,M
103,N
103,O
103,Q
103,L
48,A
48,C
48,F
48,I
48,H
48,J
48,L
854,A
854,B
854,D
854,B
854,D
854,B
854,D
854,B
854,D
854,B
854,E
854,M
854,P
854,N
854,O
854,Q
854,L
73,A
73,B
73,E
73,P
73,M
73,N
73,O
73,Q
73,L
261,A
261,C
261,F
261,I
261,H
261,J
261,L
876,A
876,C
876,G
876,K
876,L
796,A
796,B
796,D
796,B
796,D
796,B
796,D
796,B
796,E
796,P
796,M
796,N
796,O
796,Q
796,L
192,A
192,B
192,E
192,P
192,M
192,N
192,O
192,Q
192,L
60,A
60,B
60,D
60,B
60,D
60,B
60,D
60,B
60,D
60,B
60,E
60,M
60,P
60,N
60,O
60,Q
60,L
374,A
374,C
374,G
374,K
374,L
514,A
514,C
514,F
514,I
514,H
514,J
514,L
348,A
348,C
348,G
348,K
348,L
962,A
962,B
962,D
962,B
962,D
962,B
962,E
962,P
962,M
962,N
962,O
962,Q
962,L
601,A
601,B
601,E
601,P
601,M
601,N
601,O
601,Q
601,L
890,A
890,C
890,G
890,K
890,L
959,A
959,B
959,D
959,B
959,E
959,M
959,P
959,N
959,O
959,Q
959,L
900,A
900,C
900,F
900,H
900,I
900,J
900,L
916,A
916,B
916,E
916,P
916,M
916,N
916,O
916,Q
916,L
360,A
360,B
360,E
360,P
360,M
360,N
360,O
360,Q
360,L
449,A
449,C
449,G
449,L
770,A
770,C
770,F
770,H
770,I
770,J
770,L
246,A
246,C
246,F
246,H
246,I
246,J
246,L
379,A
379,B
379,D
379,B
379,D
379,B
379,D
379,B
379,D
379,B
379,E
379,M
379,P
379,N
379,O
379,Q
379,L
279,A
279,B
279,D
279,B
279,E
279,M
279,P
279,N
279,O
279,Q
279,L
342,A
342,C
342,F
342,H
342,I
342,J
342,L
525,A
525,C
525,G
525,L
563,A
563,B
563,D
563,B
563,D
563,B
563,E
563,M
563,P
563,N
563,O
563,Q
563,L
444,A
444,C
444,G
444,K
444,L
691,A
691,C
691,G
691,K
691,L
23,A
23,C
23,F
23,H
23,I
23,J
23,L
920,A
920,B
920,E
920,M
920,P
920,N
920,O
920,Q
920,L
37,A
37,C
37,G
37,K
37,L
226,A
226,B
226,E
226,P
226,M
226,N
226,O
226,Q
226,L
486,A
486,B
486,E
486,P
486,M
486,N
486,O
486,Q
486,L
934,A
934,B
934,D
934,B
934,D
934,B
934,D
934,B
934,E
934,P
934,M
934,N
934,O
934,Q
934,L
944,A
944,C
944,F
944,H
944,I
944,J
944,L
805,A
805,C
805,G
805,K
805,L
387,A
387,B
387,E
387,M
387,P
387,N
387,O
387,Q
387,L
681,A
681,B
681,E
681,P
681,M
681,N
681,O
681,Q
681,L
304,A
304,C
304,F
304,I
304,H
304,J
304,L
488,A
488,C
488,F
488,I
488,H
488,J
488,L
548,A
548,B
548,E
548,M
548,P
548,N
548,O
548,Q
548,L
750,A
750,C
750,F
750,H
750,I
750,J
750,L
110,A
110,B
110,D
110,B
110,D
110,B
110,E
110,M
110,P
110,N
110,O
110,Q
110,L
145,A
145,B
145,E
145,P
145,M
145,N
145,O
145,Q
145,L
737,A
737,C
737,F
737,H
737,I
737,J
737,L
492,A
492,C
492,G
492,L
368,A
368,B
368,E
368,P
368,M
368,N
368,O
368,Q
368,L
811,A
811,B
811,D
811,B
811,D
811,B
811,D
811,B
811,D
811,B
811,E
811,M
811,P
811,N
811,O
811,Q
811,L
693,A
693,C
693,G
693,L
150,A
150,C
150,G
150,K
150,L
280,A
280,C
280,F
280,H
280,I
280,J
280,L
730,A
730,B
730,E
730,M
730,P
730,N
730,O
730,Q
730,L
36,A
36,B
36,D
36,B
36,D
36,B
36,E
36,P
36,M
36,N
36,O
36,Q
36,L
166,A
166,C
166,G
166,K
166,L
700,A
700,C
700,G
700,K
700,L
860,A
860,C
860,F
860,I
860,H
860,J
860,L
752,A
752,C
752,F
752,I
752,H
752,J
752,L
992,A
992,B
992,D
992,B
992,D
992,B
992,E
992,M
992,P
992,N
992,O
992,Q
992,L
140,A
140,C
140,F
140,H
140,I
140,J
140,L
502,A
502,C
502,G
502,L
689,A
689,C
689,G
689,L
642,A
642,B
642,E
642,M
642,P
642,N
642,O
642,Q
642,L
174,A
174,C
174,F
174,I
174,H
174,J
174,L
158,A
158,B
158,E
158,P
158,M
158,N
158,O
158,Q
158,L
633,A
633,B
633,E
633,P
633,M
633,N
633,O
633,Q
633,L
993,A
993,C
993,G
993,L
309,A
309,C
309,G
309,K
309,L
317,A
317,B
317,E
317,M
317,P
317,N
317,O
317,Q
317,L
674,A
674,C
674,G
674,L
749,A
749,C
749,G
749,K
749,L
976,A
976,C
976,G
976,L
559,A
559,C
559,F
559,H
559,I
559,J
559,L
754,A
754,C
754,G
754,K
754,L
376,A
376,B
376,E
376,P
376,M
376,N
376,O
376,Q
376,L
893,A
893,B
893,E
893,P
893,M
893,N
893,O
893,Q
893,L
822,A
822,C
822,F
822,I
822,H
822,J
822,L
513,A
513,B
513,D
513,B
513,D
513,B
513,D
513,B
513,E
513,M
513,P
513,N
513,O
513,Q
513,L
520,A
520,B
520,E
520,P
520,M
520,N
520,O
520,Q
520,L
589,A
589,B
589,E
589,P
589,M
589,N
589,O
589,Q
589,L
948,A
948,C
948,F
948,I
948,H
948,J
948,L
922,A
922,B
922,D
922,B
922,D
922,B
922,E
922,P
922,M
922,N
922,O
922,Q
922,L
193,A
193,C
193,F
193,H
193,I
193,J
193,L
47,A
47,B
47,E
47,M
47,P
47,N
47,O
47,Q
47,L
50,A
50,C
50,F
50,I
50,H
50,J
50,L
558,A
558,C
558,G
558,L
650,A
650,B
650,E
650,P
650,M
650,N
650,O
650,Q
650,L
236,A
236,B
236,D
236,B
236,D
236,B
236,D
236,B
236,D
236,B
236,E
236,M
236,P
236,N
236,O
236,Q
236,L
711,A
711,C
711,F
711,H
711,I
711,J
711,L
297,A
297,C
297,F
297,H
297,I
297,J
297,L
585,A
585,C
585,F
585,H
585,I
585,J
585,L
250,A
250,B
250,E
250,M
250,P
250,N
250,O
250,Q
250,L
543,A
543,B
543,D
543,B
543,D
543,B
543,E
543,P
543,M
543,N
543,O
543,Q
543,L
149,A
149,B
149,E
149,P
149,M
149,N
149,O
149,Q
149,L
843,A
843,C
843,G
843,L
102,A
102,B
102,E
102,P
102,M
102,N
102,O
102,Q
102,L
647,A
647,C
647,G
647,L
972,A
972,C
972,F
972,I
972,H
972,J
972,L
395,A
395,C
395,F
395,H
395,I
395,J
395,L
644,A
644,C
644,G
644,L
295,A
295,C
295,G
295,K
295,L
345,A
345,C
345,G
345,L
234,A
234,C
234,F
234,H
234,I
234,J
234,L
460,A
460,C
460,G
460,K
460,L
314,A
314,C
314,G
314,L
176,A
176,C
176,G
176,L
651,A
651,B
651,E
651,P
651,M
651,N
651,O
651,Q
651,L
834,A
834,B
834,D
834,B
834,E
834,P
834,M
834,N
834,O
834,Q
834,L
382,A
382,B
382,D
382,B
382,D
382,B
382,E
382,P
382,M
382,N
382,O
382,Q
382,L
504,A
504,B
504,D
504,B
504,D
504,B
504,E
504,M
504,P
504,N
504,O
504,Q
504,L
590,A
590,B
590,D
590,B
590,E
590,P
590,M
590,N
590,O
590,Q
590,L
386,A
386,B
386,D
386,B
386,E
386,M
386,P
386,N
386,O
386,Q
386,L
254,A
254,B
254,D
254,B
254,E
254,M
254,P
254,N
254,O
254,Q
254,L
671,A
671,C
671,F
671,H
671,I
671,J
671,L
269,A
269,C
269,F
269,I
269,H
269,J
269,L
457,A
457,B
457,D
457,B
457,E
457,P
457,M
457,N
457,O
457,Q
457,L
706,A
706,B
706,D
706,B
706,D
706,B
706,D
706,B
706,D
706,B
706,E
706,P
706,M
706,N
706,O
706,Q
706,L
772,A
772,C
772,F
772,H
772,I
772,J
772,L
600,A
600,C
600,F
600,I
600,H
600,J
600,L
282,A
282,C
282,G
282,K
282,L
112,A
112,C
112,G
112,L
180,A
180,C
180,F
180,H
180,I
180,J
180,L
256,A
256,C
256,G
256,L
509,A
509,C
509,F
509,H
509,I
509,J
509,L
128,A
128,C
128,G
128,K
128,L
833,A
833,C
833,G
833,L
906,A
906,C
906,F
906,I
906,H
906,J
906,L
926,A
926,B
926,D
926,B
926,E
926,P
926,M
926,N
926,O
926,Q
926,L
412,A
412,B
412,D
412,B
412,D
412,B
412,E
412,P
412,M
412,N
412,O
412,Q
412,L
443,A
443,B
443,E
443,P
443,M
443,N
443,O
443,Q
443,L
12,A
12,B
12,E
12,P
12,M
12,N
12,O
12,Q
12,L
929,A
929,C
929,F
929,I
929,H
929,J
929,L
402,A
402,C
402,G
402,K
402,L
454,A
454,C
454,F
454,I
454,H
454,J
454,L
840,A
840,C
840,F
840,I
840,H
840,J
840,L
870,A
870,C
870,G
870,K
870,L
745,A
745,B
745,D
745,B
745,E
745,M
745,P
745,N
745,O
745,Q
745,L
0,A
0,B
0,E
0,M
0,P
0,N
0,O
0,Q
0,L
423,A
423,B
423,E
423,P
423,M
423,N
423,O
423,Q
423,L
705,A
705,C
705,G
705,L
817,A
817,B
817,D
817,B
817,E
817,P
817,M
817,N
817,O
817,Q
817,L
819,A
819,C
819,G
819,K
819,L
949,A
949,C
949,G
949,L
157,A
157,B
157,D
157,B
157,D
157,B
157,E
157,M
157,P
157,N
157,O
157,Q
157,L
285,A
285,B
285,D
285,B
285,E
285,M
285,P
285,N
285,O
285,Q
285,L
672,A
672,C
672,G
672,K
672,L
531,A
531,C
531,F
531,H
531,I
531,J
531,L
759,A
759,C
759,F
759,I
759,H
759,J
759,L
25,A
25,B
25,D
25,B
25,D
25,B
25,D
25,B
25,E
25,M
25,P
25,N
25,O
25,Q
25,L
569,A
569,B
569,D
569,B
569,D
569,B
569,E
569,M
569,P
569,N
569,O
569,Q
569,L
861,A
861,B
861,D
861,B
861,E
861,P
861,M
861,N
861,O
861,Q
861,L
458,A
458,B
458,E
458,M
458,P
458,N
458,O
458,Q
458,L
726,A
726,B
726,D
726,B
726,D
726,B
726,D
726,B
726,D
726,B
726,E
726,P
726,M
726,N
726,O
726,Q
726,L
802,A
802,C
802,G
802,L
576,A
576,B
576,E
576,M
576,P
576,N
576,O
576,Q
576,L
898,A
898,C
898,F
898,H
898,I
898,J
898,L
414,A
414,C
414,F
414,H
414,I
414,J
414,L
22,A
22,B
22,D
22,B
22,D
22,B
22,E
22,M
22,P
22,N
22,O
22,Q
22,L
108,A
108,B
108,E
108,M
108,P
108,N
108,O
108,Q
108,L
518,A
518,C
518,F
518,H
518,I
518,J
518,L
571,A
571,C
571,G
571,K
571,L
732,A
732,B
732,E
732,M
732,P
732,N
732,O
732,Q
732,L
240,A
240,C
240,G
240,K
240,L
107,A
107,C
107,G
107,K
107,L
918,A
918,B
918,D
918,B
918,D
918,B
918,E
918,M
918,P
918,N
918,O
918,Q
918,L
89,A
89,C
89,G
89,K
89,L
943,A
943,C
943,G
943,L
591,A
591,B
591,E
591,M
591,P
591,N
591,O
591,Q
591,L
125,A
125,C
125,F
125,H
125,I
125,J
125,L
595,A
595,B
595,D
595,B
595,E
595,P
595,M
595,N
595,O
595,Q
595,L
570,A
570,B
570,E
570,P
570,M
570,N
570,O
570,Q
570,L
660,A
660,B
660,D
660,B
660,D
660,B
660,E
660,P
660,M
660,N
660,O
660,Q
660,L
551,A
551,C
551,G
551,K
551,L
118,A
118,C
118,G
118,K
118,L
9,A
9,B
9,E
9,M
9,P
9,N
9,O
9,Q
9,L
363,A
363,B
363,E
363,M
363,P
363,N
363,O
363,Q
363,L
334,A
334,B
334,D
334,B
334,D
334,B
334,E
334,P
334,M
334,N
334,O
334,Q
334,L
645,A
645,C
645,F
645,H
645,I
645,J
645,L
987,A
987,B
987,D
987,B
987,D
987,B
987,E
987,M
987,P
987,N
987,O
987,Q
987,L
56,A
56,B
56,D
56,B
56,D
56,B
56,E
56,P
56,M
56,N
56,O
56,Q
56,L
618,A
618,B
618,D
618,B
618,E
618,M
618,P
618,N
618,O
618,Q
618,L
483,A
483,C
483,F
483,I
483,H
483,J
483,L
27,A
27,C
27,F
27,I
27,H
27,J
27,L
165,A
165,B
165,D
165,B
165,D
165,B
165,D
165,B
165,E
165,P
165,M
165,N
165,O
165,Q
165,L
320,A
320,B
320,D
320,B
320,E
320,M
320,P
320,N
320,O
320,Q
320,L
441,A
441,C
441,F
441,I
441,H
441,J
441,L
88,A
88,C
88,G
88,L
154,A
154,B
154,D
154,B
154,D
154,B
154,D
154,B
154,D
154,B
154,E
154,P
154,M
154,N
154,O
154,Q
154,L
729,A
729,C
729,G
729,K
729,L
26,A
26,C
26,G
26,L
276,A
276,C
276,G
276,K
276,L
156,A
156,B
156,D
156,B
156,E
156,M
156,P
156,N
156,O
156,Q
156,L
114,A
114,C
114,F
114,I
114,H
114,J
114,L
186,A
186,C
186,G
186,L
337,A
337,B
337,E
337,P
337,M
337,N
337,O
337,Q
337,L
610,A
610,C
610,G
610,K
610,L
476,A
476,C
476,F
476,I
476,H
476,J
476,L
775,A
775,C
775,G
775,K
775,L
684,A
684,B
684,E
684,P
684,M
684,N
684,O
684,Q
684,L
526,A
526,B
526,E
526,P
526,M
526,N
526,O
526,Q
526,L
881,A
881,C
881,F
881,I
881,H
881,J
881,L
199,A
199,C
199,F
199,I
199,H
199,J
199,L
328,A
328,C
328,F
328,I
328,H
328,J
328,L
581,A
581,C
581,F
581,H
581,I
581,J
581,L
936,A
936,B
936,D
936,B
936,D
936,B
936,E
936,M
936,P
936,N
936,O
936,Q
936,L
200,A
200,C
200,F
200,H
200,I
200,J
200,L
33,A
33,C
33,F
33,H
33,I
33,J
33,L
137,A
137,B
137,D
137,B
137,E
137,P
137,M
137,N
137,O
137,Q
137,L
350,A
350,C
350,G
350,K
350,L
965,A
965,C
965,F
965,H
965,I
965,J
965,L
620,A
620,B
620,E
620,M
620,P
620,N
620,O
620,Q
620,L
807,A
807,B
807,E
807,P
807,M
807,N
807,O
807,Q
807,L
718,A
718,B
718,E
718,P
718,M
718,N
718,O
718,Q
718,L
425,A
425,C
425,G
425,L
479,A
479,B
479,D
479,B
479,E
479,M
479,P
479,N
479,O
479,Q
479,L
434,A
434,B
434,D
434,B
434,D
434,B
434,D
434,B
434,D
434,B
434,E
434,M
434,P
434,N
434,O
434,Q
434,L
756,A
756,B
756,D
756,B
756,D
756,B
756,D
756,B
756,E
756,M
756,P
756,N
756,O
756,Q
756,L
413,A
413,C
413,G
413,K
413,L
549,A
549,B
549,E
549,P
549,M
549,N
549,O
549,Q
549,L
422,A
422,B
422,D
422,B
422,E
422,M
422,P
422,N
422,O
422,Q
422,L
79,A
79,C
79,F
79,I
79,H
79,J
79,L
566,A
566,B
566,E
566,P
566,M
566,N
566,O
566,Q
566,L
541,A
541,B
541,E
541,P
541,M
541,N
541,O
541,Q
541,L
937,A
937,B
937,D
937,B
937,D
937,B
937,D
937,B
937,E
937,P
937,M
937,N
937,O
937,Q
937,L
767,A
767,B
767,D
767,B
767,D
767,B
767,D
767,B
767,E
767,M
767,P
767,N
767,O
767,Q
767,L
371,A
371,B
371,D
371,B
371,D
371,B
371,D
371,B
371,D
371,B
371,E
371,P
371,M
371,N
371,O
371,Q
371,L
902,A
902,C
902,F
902,I
902,H
902,J
902,L
100,A
100,B
100,E
100,P
100,M
100,N
100,O
100,Q
100,L
311,A
311,C
311,G
311,L
871,A
871,B
871,E
871,M
871,P
871,N
871,O
871,Q
871,L
343,A
343,C
343,G
343,L
664,A
664,C
664,F
664,H
664,I
664,J
664,L
714,A
714,C
714,F
714,I
714,H
714,J
714,L
221,A
221,C
221,F
221,H
221,I
221,J
221,L
991,A
991,C
991,G
991,L
485,A
485,B
485,D
485,B
485,E
485,P
485,M
485,N
485,O
485,Q
485,L
795,A
795,B
795,D
795,B
795,E
795,M
795,P
795,N
795,O
795,Q
795,L
326,A
326,C
326,F
326,H
326,I
326,J
326,L
988,A
988,C
988,F
988,I
988,H
988,J
988,L
975,A
975,B
975,E
975,P
975,M
975,N
975,O
975,Q
975,L
190,A
190,B
190,E
190,M
190,P
190,N
190,O
190,Q
190,L
790,A
790,B
790,E
790,M
790,P
790,N
790,O
790,Q
790,L
888,A
888,B
888,E
888,M
888,P
888,N
888,O
888,Q
888,L
431,A
431,C
431,G
431,L
731,A
731,B
731,E
731,P
731,M
731,N
731,O
731,Q
731,L
757,A
757,C
757,F
757,H
757,I
757,J
757,L
568,A
568,B
568,D
568,B
568,D
568,B
568,D
568,B
568,D
568,B
568,E
568,P
568,M
568,N
568,O
568,Q
568,L
564,A
564,C
564,F
564,I
564,H
564,J
564,L
148,A
148,B
148,D
148,B
148,E
148,P
148,M
148,N
148,O
148,Q
148,L
421,A
421,C
421,G
421,K
421,L
220,A
220,B
220,E
220,M
220,P
220,N
220,O
220,Q
220,L
365,A
365,B
365,D
365,B
365,D
365,B
365,D
365,B
365,E
365,P
365,M
365,N
365,O
365,Q
365,L
213,A
213,C
213,G
213,L
814,A
814,B
814,E
814,P
814,M
814,N
814,O
814,Q
814,L
560,A
560,C
560,F
560,I
560,H
560,J
560,L
40,A
40,B
40,D
40,B
40,D
40,B
40,D
40,B
40,E
40,M
40,P
40,N
40,O
40,Q
40,L
248,A
248,C
248,F
248,H
248,I
248,J
248,L
270,A
270,C
270,G
270,L
539,A
539,C
539,F
539,H
539,I
539,J
539,L
456,A
456,B
456,E
456,M
456,P
456,N
456,O
456,Q
456,L
668,A
668,B
668,E
668,P
668,M
668,N
668,O
668,Q
668,L
332,A
332,B
332,D
332,B
332,E
332,P
332,M
332,N
332,O
332,Q
332,L
978,A
978,C
978,G
978,K
978,L
592,A
592,C
592,F
592,H
592,I
592,J
592,L
153,A
153,C
153,G
153,L
55,A
55,B
55,D
55,B
55,E
55,M
55,P
55,N
55,O
55,Q
55,L
859,A
859,B
859,E
859,P
859,M
859,N
859,O
859,Q
859,L
461,A
461,C
461,G
461,L
224,A
224,B
224,D
224,B
224,D
224,B
224,D
224,B
224,E
224,M
224,P
224,N
224,O
224,Q
224,L
867,A
867,B
867,D
867,B
867,E
867,P
867,M
867,N
867,O
867,Q
867,L
203,A
203,B
203,D
203,B
203,D
203,B
203,E
203,M
203,P
203,N
203,O
203,Q
203,L
613,A
613,B
613,D
613,B
613,E
613,M
613,P
613,N
613,O
613,Q
613,L
905,A
905,B
905,D
905,B
905,E
905,P
905,M
905,N
905,O
905,Q
905,L
267,A
267,B
267,D
267,B
267,D
267,B
267,D
267,B
267,E
267,M
267,P
267,N
267,O
267,Q
267,L
966,A
966,C
966,F
966,H
966,I
966,J
966,L
302,A
302,C
302,F
302,H
302,I
302,J
302,L
703,A
703,C
703,F
703,H
703,I
703,J
703,L
277,A
277,B
277,E
277,M
277,P
277,N
277,O
277,Q
277,L
710,A
710,C
710,G
710,L
708,A
708,C
708,G
708,L
122,A
122,C
122,F
122,H
122,I
122,J
122,L
939,A
939,C
939,G
939,L
375,A
375,C
375,G
375,K
375,L
440,A
440,B
440,D
440,B
440,E
440,M
440,P
440,N
440,O
440,Q
440,L
848,A
848,B
848,E
848,M
848,P
848,N
848,O
848,Q
848,L
742,A
742,C
742,G
742,L
623,A
623,B
623,D
623,B
623,E
623,M
623,P
623,N
623,O
623,Q
623,L
10,A
10,C
10,F
10,H
10,I
10,J
10,L
405,A
405,C
405,F
405,I
405,H
405,J
405,L
470,A
470,B
470,E
470,M
470,P
470,N
470,O
470,Q
470,L
260,A
260,C
260,G
260,L
1,A
1,B
1,E
1,M
1,P
1,N
1,O
1,Q
1,L
467,A
467,C
467,G
467,L
582,A
582,C
582,F
582,I
582,H
582,J
582,L
113,A
113,C
113,G
113,K
113,L
897,A
897,C
897,F
897,H
897,I
897,J
897,L
503,A
503,C
503,F
503,I
503,H
503,J
503,L
202,A
202,B
202,E
202,M
202,P
202,N
202,O
202,Q
202,L
914,A
914,B
914,E
914,M
914,P
914,N
914,O
914,Q
914,L
11,A
11,C
11,F
11,H
11,I
11,J
11,L
384,A
384,C
384,G
384,L
481,A
481,C
481,G
481,L
227,A
227,C
227,G
227,K
227,L
882,A
882,B
882,D
882,B
882,E
882,M
882,P
882,N
882,O
882,Q
882,L
913,A
913,C
913,G
913,L
885,A
885,B
885,E
885,M
885,P
885,N
885,O
885,Q
885,L
407,A
407,C
407,F
407,I
407,H
407,J
407,L
239,A
239,B
239,E
239,P
239,M
239,N
239,O
239,Q
239,L
263,A
263,C
263,F
263,I
263,H
263,J
263,L
899,A
899,C
899,F
899,H
899,I
899,J
899,L
74,A
74,B
74,E
74,P
74,M
74,N
74,O
74,Q
74,L
451,A
451,B
451,D
451,B
451,D
451,B
451,E
451,M
451,P
451,N
451,O
451,Q
451,L
535,A
535,B
535,D
535,B
535,E
535,P
535,M
535,N
535,O
535,Q
535,L
799,A
799,C
799,F
799,I
799,H
799,J
799,L
533,A
533,B
533,E
533,M
533,P
533,N
533,O
533,Q
533,L
686,A
686,B
686,D
686,B
686,D
686,B
686,E
686,P
686,M
686,N
686,O
686,Q
686,L
259,A
259,C
259,F
259,I
259,H
259,J
259,L
462,A
462,C
462,G
462,K
462,L
313,A
313,B
313,E
313,M
313,P
313,N
313,O
313,Q
313,L
823,A
823,B
823,E
823,M
823,P
823,N
823,O
823,Q
823,L
982,A
982,B
982,D
982,B
982,D
982,B
982,E
982,P
982,M
982,N
982,O
982,Q
982,L
744,A
744,C
744,G
744,L
524,A
524,B
524,D
524,B
524,E
524,M
524,P
524,N
524,O
524,Q
524,L
271,A
271,B
271,E
271,M
271,P
271,N
271,O
271,Q
271,L
883,A
883,C
883,F
883,H
883,I
883,J
883,L
777,A
777,B
777,E
777,P
777,M
777,N
777,O
777,Q
777,L
212,A
212,B
212,E
212,M
212,P
212,N
212,O
212,Q
212,L
104,A
104,B
104,E
104,P
104,M
104,N
104,O
104,Q
104,L
615,A
615,B
615,E
615,M
615,P
615,N
615,O
615,Q
615,L
272,A
272,C
272,G
272,L
459,A
459,B
459,D
459,B
459,E
459,M
459,P
459,N
459,O
459,Q
459,L
370,A
370,C
370,F
370,H
370,I
370,J
370,L
532,A
532,C
532,F
532,H
532,I
532,J
532,L
970,A
970,C
970,F
970,I
970,H
970,J
970,L
298,A
298,B
298,D
298,B
298,E
298,P
298,M
298,N
298,O
298,Q
298,L
639,A
639,B
639,D
639,B
639,D
639,B
639,D
639,B
639,D
639,B
639,E
639,M
639,P
639,N
639,O
639,Q
639,L
124,A
124,B
124,E
124,P
124,M
124,N
124,O
124,Q
124,L
266,A
266,C
266,F
266,I
266,H
266,J
266,L
842,A
842,B
842,E
842,M
842,P
842,N
842,O
842,Q
842,L
207,A
207,B
207,E
207,P
207,M
207,N
207,O
207,Q
207,L
18,A
18,B
18,E
18,M
18,P
18,N
18,O
18,Q
18,L
489,A
489,C
489,G
489,L
323,A
323,C
323,G
323,L
575,A
575,B
575,D
575,B
575,D
575,B
575,D
575,B
575,E
575,M
575,P
575,N
575,O
575,Q
575,L
856,A
856,C
856,G
856,K
856,L
789,A
789,C
789,G
789,K
789,L
411,A
411,B
411,D
411,B
411,E
411,P
411,M
411,N
411,O
411,Q
411,L
318,A
318,B
318,D
318,B
318,D
318,B
318,D
318,B
318,E
318,M
318,P
318,N
318,O
318,Q
318,L
630,A
630,C
630,F
630,H
630,I
630,J
630,L
606,A
606,C
606,F
606,H
606,I
606,J
606,L
529,A
529,C
529,F
529,H
529,I
529,J
529,L
636,A
636,B
636,D
636,B
636,D
636,B
636,D
636,B
636,E
636,P
636,M
636,N
636,O
636,Q
636,L
908,A
908,C
908,F
908,H
908,I
908,J
908,L
955,A
955,B
955,E
955,M
955,P
955,N
955,O
955,Q
955,L
134,A
134,C
134,F
134,H
134,I
134,J
134,L
141,A
141,B
141,E
141,P
141,M
141,N
141,O
141,Q
141,L
512,A
512,B
512,D
512,B
512,E
512,M
512,P
512,N
512,O
512,Q
512,L
649,A
649,B
649,D
649,B
649,D
649,B
649,D
649,B
649,D
649,B
649,E
649,P
649,M
649,N
649,O
649,Q
649,L
20,A
20,B
20,E
20,M
20,P
20,N
20,O
20,Q
20,L
523,A
523,B
523,D
523,B
523,D
523,B
523,D
523,B
523,D
523,B
523,E
523,P
523,M
523,N
523,O
523,Q
523,L
901,A
901,B
901,E
901,M
901,P
901,N
901,O
901,Q
901,L
92,A
92,B
92,E
92,M
92,P
92,N
92,O
92,Q
92,L
877,A
877,B
877,D
877,B
877,D
877,B
877,E
877,P
877,M
877,N
877,O
877,Q
877,L
880,A
880,B
880,D
880,B
880,E
880,M
880,P
880,N
880,O
880,Q
880,L
146,A
146,B
146,E
146,M
146,P
146,N
146,O
146,Q
146,L
577,A
577,B
577,E
577,P
577,M
577,N
577,O
577,Q
577,L
41,A
41,C
41,F
41,H
41,I
41,J
41,L
464,A
464,B
464,D
464,B
464,D
464,B
464,E
464,P
464,M
464,N
464,O
464,Q
464,L
494,A
494,B
494,E
494,P
494,M
494,N
494,O
494,Q
494,L
28,A
28,C
28,F
28,H
28,I
28,J
28,L
289,A
289,B
289,E
289,M
289,P
289,N
289,O
289,Q
289,L
930,A
930,C
930,F
930,I
930,H
930,J
930,L
95,A
95,B
95,D
95,B
95,E
95,M
95,P
95,N
95,O
95,Q
95,L
806,A
806,B
806,E
806,P
806,M
806,N
806,O
806,Q
806,L
909,A
909,C
909,F
909,I
909,H
909,J
909,L
130,A
130,B
130,E
130,M
130,P
130,N
130,O
130,Q
130,L
293,A
293,B
293,D
293,B
293,D
293,B
293,D
293,B
293,E
293,M
293,P
293,N
293,O
293,Q
293,L
931,A
931,B
931,E
931,P
931,M
931,N
931,O
931,Q
931,L
194,A
194,B
194,E
194,P
194,M
194,N
194,O
194,Q
194,L
771,A
771,C
771,G
771,L
432,A
432,C
432,F
432,H
432,I
432,J
432,L
780,A
780,C
780,G
780,K
780,L
755,A
755,C
755,G
755,L
251,A
251,B
251,D
251,B
251,E
251,M
251,P
251,N
251,O
251,Q
251,L
865,A
865,C
865,G
865,L
662,A
662,C
662,G
662,L
903,A
903,C
903,F
903,H
903,I
903,J
903,L
144,A
144,B
144,E
144,M
144,P
144,N
144,O
144,Q
144,L
912,A
912,C
912,G
912,L
63,A
63,B
63,D
63,B
63,D
63,B
63,D
63,B
63,D
63,B
63,E
63,P
63,M
63,N
63,O
63,Q
63,L
794,A
794,B
794,D
794,B
794,E
794,P
794,M
794,N
794,O
794,Q
794,L
981,A
981,B
981,E
981,M
981,P
981,N
981,O
981,Q
981,L
86,A
86,B
86,E
86,P
86,M
86,N
86,O
86,Q
86,L
367,A
367,C
367,F
367,H
367,I
367,J
367,L
233,A
233,C
233,F
233,H
233,I
233,J
233,L
783,A
783,B
783,D
783,B
783,E
783,P
783,M
783,N
783,O
783,Q
783,L
986,A
986,C
986,G
986,K
986,L
44,A
44,C
44,G
44,K
44,L
3,A
3,B
3,E
3,M
3,P
3,N
3,O
3,Q
3,L
638,A
638,C
638,G
638,L
205,A
205,B
205,E
205,M
205,P
205,N
205,O
205,Q
205,L
352,A
352,C
352,F
352,H
352,I
352,J
352,L
761,A
761,C
761,G
761,L
957,A
957,B
957,E
957,M
957,P
957,N
957,O
957,Q
957,L
173,A
173,C
173,G
173,L
938,A
938,C
938,F
938,H
938,I
938,J
938,L
528,A
528,C
528,F
528,H
528,I
528,J
528,L
505,A
505,B
505,D
505,B
505,D
505,B
505,E
505,M
505,P
505,N
505,O
505,Q
505,L
208,A
208,C
208,F
208,H
208,I
208,J
208,L
468,A
468,C
468,F
468,H
468,I
468,J
468,L
516,A
516,B
516,E
516,M
516,P
516,N
516,O
516,Q
516,L
884,A
884,B
884,D
884,B
884,E
884,P
884,M
884,N
884,O
884,Q
884,L
274,A
274,B
274,D
274,B
274,E
274,M
274,P
274,N
274,O
274,Q
274,L
773,A
773,C
773,F
773,I
773,H
773,J
773,L
163,A
163,C
163,G
163,L
879,A
879,B
879,E
879,M
879,P
879,N
879,O
879,Q
879,L
990,A
990,C
990,G
990,K
990,L
410,A
410,C
410,G
410,K
410,L
687,A
687,C
687,F
687,I
687,H
687,J
687,L
910,A
910,C
910,F
910,H
910,I
910,J
910,L
305,A
305,B
305,D
305,B
305,D
305,B
305,D
305,B
305,D
305,B
305,E
305,P
305,M
305,N
305,O
305,Q
305,L
782,A
782,C
782,F
782,H
782,I
782,J
782,L
874,A
874,C
874,G
874,K
874,L
517,A
517,B
517,D
517,B
517,D
517,B
517,E
517,M
517,P
517,N
517,O
517,Q
517,L
527,A
527,C
527,F
527,H
527,I
527,J
527,L
847,A
847,C
847,G
847,K
847,L
390,A
390,B
390,D
390,B
390,E
390,P
390,M
390,N
390,O
390,Q
390,L
17,A
17,C
17,F
17,H
17,I
17,J
17,L
727,A
727,B
727,E
727,M
727,P
727,N
727,O
727,Q
727,L
90,A
90,B
90,D
90,B
90,E
90,P
90,M
90,N
90,O
90,Q
90,L
699,A
699,B
699,D
699,B
699,D
699,B
699,E
699,M
699,P
699,N
699,O
699,Q
699,L
278,A
278,B
278,D
278,B
278,E
278,P
278,M
278,N
278,O
278,Q
278,L
677,A
677,C
677,G
677,K
677,L
765,A
765,C
765,G
765,K
765,L
640,A
640,C
640,F
640,H
640,I
640,J
640,L
958,A
958,B
958,E
958,P
958,M
958,N
958,O
958,Q
958,L
21,A
21,C
21,F
21,H
21,I
21,J
21,L
673,A
673,C
673,F
673,H
673,I
673,J
673,L
296,A
296,C
296,F
296,H
296,I
296,J
296,L
530,A
530,B
530,E
530,P
530,M
530,N
530,O
530,Q
530,L
442,A
442,C
442,F
442,I
442,H
442,J
442,L
448,A
448,B
448,D
448,B
448,E
448,M
448,P
448,N
448,O
448,Q
448,L
308,A
308,C
308,F
308,H
308,I
308,J
308,L
954,A
954,C
954,F
954,H
954,I
954,J
954,L
499,A
499,B
499,E
499,P
499,M
499,N
499,O
499,Q
499,L
580,A
580,C
580,F
580,H
580,I
580,J
580,L
562,A
562,B
562,D
562,B
562,D
562,B
562,D
562,B
562,D
562,B
562,E
562,P
562,M
562,N
562,O
562,Q
562,L
735,A
735,B
735,E
735,M
735,P
735,N
735,O
735,Q
735,L
701,A
701,C
701,F
701,I
701,H
701,J
701,L
54,A
54,B
54,E
54,M
54,P
54,N
54,O
54,Q
54,L
306,A
306,C
306,F
306,I
306,H
306,J
306,L
784,A
784,C
784,G
784,L
340,A
340,C
340,G
340,L
634,A
634,B
634,D
634,B
634,E
634,M
634,P
634,N
634,O
634,Q
634,L
891,A
891,C
891,F
891,I
891,H
891,J
891,L
740,A
740,B
740,D
740,B
740,E
740,P
740,M
740,N
740,O
740,Q
740,L
818,A
818,C
818,F
818,H
818,I
818,J
818,L
428,A
428,C
428,G
428,K
428,L
223,A
223,C
223,F
223,I
223,H
223,J
223,L
629,A
629,B
629,E
629,P
629,M
629,N
629,O
629,Q
629,L
288,A
288,C
288,F
288,I
288,H
288,J
288,L
722,A
722,B
722,E
722,M
722,P
722,N
722,O
722,Q
722,L
984,A
984,B
984,D
984,B
984,E
984,M
984,P
984,N
984,O
984,Q
984,L
191,A
191,B
191,D
191,B
191,E
191,P
191,M
191,N
191,O
191,Q
191,L
185,A
185,B
185,D
185,B
185,D
185,B
185,D
185,B
185,D
185,B
185,E
185,P
185,M
185,N
185,O
185,Q
185,L
160,A
160,C
160,F
160,I
160,H
160,J
160,L
97,A
97,B
97,E
97,P
97,M
97,N
97,O
97,Q
97,L
369,A
369,C
369,G
369,K
369,L
142,A
142,B
142,E
142,M
142,P
142,N
142,O
142,Q
142,L
723,A
723,B
723,E
723,P
723,M
723,N
723,O
723,Q
723,L
472,A
472,C
472,G
472,L
586,A
586,B
586,D
586,B
586,D
586,B
586,D
586,B
586,D
586,B
586,E
586,P
586,M
586,N
586,O
586,Q
586,L
940,A
940,C
940,G
940,K
940,L
747,A
747,B
747,E
747,M
747,P
747,N
747,O
747,Q
747,L
904,A
904,C
904,G
904,K
904,L
573,A
573,B
573,E
573,P
573,M
573,N
573,O
573,Q
573,L
65,A
65,C
65,F
65,H
65,I
65,J
65,L
538,A
538,B
538,D
538,B
538,D
538,B
538,E
538,M
538,P
538,N
538,O
538,Q
538,L
403,A
403,C
403,G
403,L
507,A
507,C
507,G
507,L
96,A
96,C
96,F
96,H
96,I
96,J
96,L
561,A
561,B
561,D
561,B
561,D
561,B
561,E
561,P
561,M
561,N
561,O
561,Q
561,L
70,A
70,C
70,F
70,I
70,H
70,J
70,L
844,A
844,C
844,F
844,I
844,H
844,J
844,L
544,A
544,B
544,E
544,M
544,P
544,N
544,O
544,Q
544,L
62,A
62,B
62,D
62,B
62,E
62,M
62,P
62,N
62,O
62,Q
62,L
331,A
331,C
331,G
331,K
331,L
436,A
436,C
436,G
436,K
436,L
109,A
109,B
109,E
109,M
109,P
109,N
109,O
109,Q
109,L
768,A
768,B
768,D
768,B
768,E
768,P
768,M
768,N
768,O
768,Q
768,L
720,A
720,C
720,G
720,K
720,L
665,A
665,B
665,E
665,P
665,M
665,N
665,O
665,Q
665,L
300,A
300,B
300,E
300,P
300,M
300,N
300,O
300,Q
300,L
401,A
401,B
401,E
401,M
401,P
401,N
401,O
401,Q
401,L
210,A
210,C
210,G
210,K
210,L
404,A
404,C
404,G
404,L
828,A
828,C
828,F
828,I
828,H
828,J
828,L
829,A
829,B
829,D
829,B
829,E
829,M
829,P
829,N
829,O
829,Q
829,L
967,A
967,B
967,D
967,B
967,E
967,P
967,M
967,N
967,O
967,Q
967,L
824,A
824,C
824,F
824,H
824,I
824,J
824,L
4,A
4,C
4,F
4,I
4,H
4,J
4,L
977,A
977,C
977,F
977,H
977,I
977,J
977,L
329,A
329,C
329,F
329,H
329,I
329,J
329,L
433,A
433,C
433,F
433,I
433,H
433,J
433,L
139,A
139,B
139,D
139,B
139,D
139,B
139,D
139,B
139,D
139,B
139,E
139,M
139,P
139,N
139,O
139,Q
139,L
447,A
447,B
447,E
447,M
447,P
447,N
447,O
447,Q
447,L
43,A
43,C
43,F
43,H
43,I
43,J
43,L
869,A
869,C
869,F
869,H
869,I
869,J
869,L
980,A
980,B
980,E
980,M
980,P
980,N
980,O
980,Q
980,L
787,A
787,B
787,E
787,P
787,M
787,N
787,O
787,Q
787,L
463,A
463,B
463,E
463,M
463,P
463,N
463,O
463,Q
463,L
238,A
238,B
238,E
238,M
238,P
238,N
238,O
238,Q
238,L
490,A
490,C
490,F
490,H
490,I
490,J
490,L
214,A
214,C
214,F
214,H
214,I
214,J
214,L
99,A
99,B
99,E
99,M
99,P
99,N
99,O
99,Q
99,L
872,A
872,C
872,G
872,L
627,A
627,B
627,E
627,P
627,M
627,N
627,O
627,Q
627,L
377,A
377,B
377,E
377,P
377,M
377,N
377,O
377,Q
377,L
964,A
964,B
964,D
964,B
964,E
964,M
964,P
964,N
964,O
964,Q
964,L
353,A
353,C
353,F
353,H
353,I
353,J
353,L
42,A
42,B
42,E
42,P
42,M
42,N
42,O
42,Q
42,L
430,A
430,C
430,F
430,H
430,I
430,J
430,L
473,A
473,B
473,D
473,B
473,E
473,M
473,P
473,N
473,O
473,Q
473,L
287,A
287,C
287,F
287,H
287,I
287,J
287,L
989,A
989,B
989,D
989,B
989,D
989,B
989,D
989,B
989,E
989,P
989,M
989,N
989,O
989,Q
989,L
963,A
963,C
963,G
963,L
925,A
925,C
925,F
925,I
925,H
925,J
925,L
67,A
67,B
67,D
67,B
67,D
67,B
67,E
67,M
67,P
67,N
67,O
67,Q
67,L
333,A
333,C
333,F
333,I
333,H
333,J
333,L
418,A
418,C
418,G
418,K
418,L
704,A
704,C
704,G
704,L
427,A
427,B
427,E
427,P
427,M
427,N
427,O
427,Q
427,L
873,A
873,C
873,G
873,K
873,L
52,A
52,C
52,F
52,H
52,I
52,J
52,L
624,A
624,B
624,D
624,B
624,D
624,B
624,E
624,P
624,M
624,N
624,O
624,Q
624,L
769,A
769,B
769,E
769,M
769,P
769,N
769,O
769,Q
769,L
746,A
746,C
746,G
746,L
793,A
793,C
793,G
793,L
336,A
336,C
336,G
336,L
679,A
679,B
679,D
679,B
679,E
679,P
679,M
679,N
679,O
679,Q
679,L
351,A
351,B
351,D
351,B
351,E
351,P
351,M
351,N
351,O
351,Q
351,L
597,A
597,C
597,G
597,L
917,A
917,C
917,G
917,L
303,A
303,C
303,F
303,I
303,H
303,J
303,L
417,A
417,C
417,G
417,L
424,A
424,B
424,D
424,B
424,E
424,M
424,P
424,N
424,O
424,Q
424,L
997,A
997,B
997,E
997,P
997,M
997,N
997,O
997,Q
997,L
325,A
325,C
325,G
325,K
325,L
177,A
177,B
177,E
177,P
177,M
177,N
177,O
177,Q
177,L
222,A
222,B
222,D
222,B
222,D
222,B
222,D
222,B
222,E
222,M
222,P
222,N
222,O
222,Q
222,L
947,A
947,B
947,E
947,M
947,P
947,N
947,O
947,Q
947,L
30,A
30,C
30,F
30,I
30,H
30,J
30,L
362,A
362,C
362,G
362,K
362,L
556,A
556,B
556,E
556,M
556,P
556,N
556,O
556,Q
556,L
235,A
235,B
235,D
235,B
235,D
235,B
235,D
235,B
235,D
235,B
235,E
235,P
235,M
235,N
235,O
235,Q
235,L
552,A
552,C
552,F
552,H
552,I
552,J
552,L
960,A
960,C
960,G
960,L
698,A
698,C
698,F
698,I
698,H
698,J
698,L
945,A
945,C
945,G
945,L
820,A
820,C
820,F
820,I
820,H
820,J
820,L
924,A
924,B
924,D
924,B
924,D
924,B
924,E
924,P
924,M
924,N
924,O
924,Q
924,L
542,A
542,C
542,F
542,I
542,H
542,J
542,L
152,A
152,C
152,G
152,L
339,A
339,B
339,D
339,B
339,E
339,M
339,P
339,N
339,O
339,Q
339,L
831,A
831,B
831,E
831,M
831,P
831,N
831,O
831,Q
831,L
574,A
574,B
574,D
574,B
574,E
574,M
574,P
574,N
574,O
574,Q
574,L
76,A
76,B
76,E
76,P
76,M
76,N
76,O
76,Q
76,L
61,A
61,C
61,G
61,K
61,L
319,A
319,B
319,D
319,B
319,D
319,B
319,E
319,P
319,M
319,N
319,O
319,Q
319,L
179,A
179,B
179,E
179,P
179,M
179,N
179,O
179,Q
179,L
346,A
346,C
346,F
346,H
346,I
346,J
346,L
637,A
637,C
637,F
637,H
637,I
637,J
637,L
688,A
688,C
688,F
688,H
688,I
688,J
688,L
155,A
155,B
155,D
155,B
155,E
155,P
155,M
155,N
155,O
155,Q
155,L
123,A
123,C
123,F
123,I
123,H
123,J
123,L
294,A
294,B
294,D
294,B
294,E
294,M
294,P
294,N
294,O
294,Q
294,L
863,A
863,B
863,E
863,M
863,P
863,N
863,O
863,Q
863,L
324,A
324,C
324,G
324,L
953,A
953,C
953,G
953,K
953,L
511,A
511,C
511,G
511,K
511,L
935,A
935,B
935,E
935,P
935,M
935,N
935,O
935,Q
935,L
778,A
778,C
778,G
778,K
778,L
781,A
781,B
781,D
781,B
781,E
781,M
781,P
781,N
781,O
781,Q
781,L
217,A
217,B
217,E
217,P
217,M
217,N
217,O
217,Q
217,L
810,A
810,C
810,F
810,I
810,H
810,J
810,L
66,A
66,B
66,D
66,B
66,D
66,B
66,D
66,B
66,E
66,P
66,M
66,N
66,O
66,Q
66,L
13,A
13,B
13,E
13,P
13,M
13,N
13,O
13,Q
13,L
550,A
550,B
550,E
550,P
550,M
550,N
550,O
550,Q
550,L
764,A
764,C
764,G
764,L
71,A
71,C
71,F
71,H
71,I
71,J
71,L
748,A
748,B
748,E
748,P
748,M
748,N
748,O
748,Q
748,L
127,A
127,C
127,F
127,I
127,H
127,J
127,L
712,A
712,C
712,G
712,K
712,L
676,A
676,B
676,D
676,B
676,E
676,M
676,P
676,N
676,O
676,Q
676,L
495,A
495,C
495,F
495,H
495,I
495,J
495,L
587,A
587,C
587,F
587,I
587,H
587,J
587,L
588,A
588,B
588,E
588,M
588,P
588,N
588,O
588,Q
588,L
216,A
216,B
216,E
216,M
216,P
216,N
216,O
216,Q
216,L
265,A
265,C
265,F
265,I
265,H
265,J
265,L
678,A
678,C
678,F
678,I
678,H
678,J
678,L
845,A
845,C
845,G
845,L
983,A
983,C
983,F
983,I
983,H
983,J
983,L
614,A
614,B
614,E
614,M
614,P
614,N
614,O
614,Q
614,L
788,A
788,B
788,E
788,P
788,M
788,N
788,O
788,Q
788,L
617,A
617,C
617,F
617,H
617,I
617,J
617,L
245,A
245,C
245,F
245,I
245,H
245,J
245,L
273,A
273,C
273,G
273,K
273,L
858,A
858,C
858,G
858,K
858,L
237,A
237,C
237,G
237,L
669,A
669,B
669,E
669,P
669,M
669,N
669,O
669,Q
669,L
77,A
77,B
77,E
77,P
77,M
77,N
77,O
77,Q
77,L
522,A
522,C
522,F
522,H
522,I
522,J
522,L
707,A
707,C
707,G
707,L
974,A
974,C
974,G
974,K
974,L
567,A
567,B
567,E
567,P
567,M
567,N
567,O
567,Q
567,L
801,A
801,B
801,D
801,B
801,E
801,M
801,P
801,N
801,O
801,Q
801,L
868,A
868,B
868,D
868,B
868,E
868,P
868,M
868,N
868,O
868,Q
868,L
286,A
286,B
286,E
286,M
286,P
286,N
286,O
286,Q
286,L
455,A
455,C
455,G
455,L
215,A
215,B
215,D
215,B
215,D
215,B
215,E
215,P
215,M
215,N
215,O
215,Q
215,L
6,A
6,C
6,F
6,H
6,I
6,J
6,L
604,A
604,B
604,D
604,B
604,D
604,B
604,D
604,B
604,E
604,M
604,P
604,N
604,O
604,Q
604,L
29,A
29,B
29,D
29,B
29,E
29,P
29,M
29,N
29,O
29,Q
29,L
80,A
80,C
80,F
80,I
80,H
80,J
80,L
321,A
321,B
321,E
321,M
321,P
321,N
321,O
321,Q
321,L
709,A
709,B
709,D
709,B
709,D
709,B
709,D
709,B
709,D
709,B
709,E
709,M
709,P
709,N
709,O
709,Q
709,L
429,A
429,B
429,D
429,B
429,D
429,B
429,D
429,B
429,D
429,B
429,E
429,P
429,M
429,N
429,O
429,Q
429,L
508,A
508,B
508,D
508,B
508,D
508,B
508,E
508,P
508,M
508,N
508,O
508,Q
508,L
316,A
316,B
316,D
316,B
316,E
316,M
316,P
316,N
316,O
316,Q
316,L
547,A
547,C
547,F
547,I
547,H
547,J
547,L
583,A
583,C
583,F
583,I
583,H
583,J
583,L
534,A
534,C
534,G
534,L
478,A
478,B
478,E
478,M
478,P
478,N
478,O
478,Q
478,L
736,A
736,C
736,G
736,L
14,A
14,C
14,F
14,I
14,H
14,J
14,L
469,A
469,C
469,F
469,H
469,I
469,J
469,L
181,A
181,C
181,F
181,H
181,I
181,J
181,L
241,A
241,B
241,E
241,P
241,M
241,N
241,O
241,Q
241,L
501,A
501,B
501,E
501,M
501,P
501,N
501,O
501,Q
501,L
812,A
812,C
812,G
812,L
46,A
46,C
46,F
46,H
46,I
46,J
46,L
225,A
225,C
225,F
225,I
225,H
225,J
225,L
453,A
453,C
453,F
453,I
453,H
453,J
453,L
357,A
357,C
357,G
357,K
357,L
84,A
84,B
84,D
84,B
84,E
84,M
84,P
84,N
84,O
84,Q
84,L
307,A
307,B
307,D
307,B
307,E
307,P
307,M
307,N
307,O
307,Q
307,L
950,A
950,B
950,D
950,B
950,D
950,B
950,D
950,B
950,E
950,M
950,P
950,N
950,O
950,Q
950,L
341,A
341,B
341,D
341,B
341,D
341,B
341,E
341,P
341,M
341,N
341,O
341,Q
341,L
792,A
792,C
792,G
792,K
792,L
487,A
487,B
487,E
487,M
487,P
487,N
487,O
487,Q
487,L
951,A
951,B
951,D
951,B
951,E
951,P
951,M
951,N
951,O
951,Q
951,L
915,A
915,C
915,F
915,I
915,H
915,J
915,L
262,A
262,C
262,G
262,L
119,A
119,C
119,F
119,H
119,I
119,J
119,L
553,A
553,C
553,G
553,L